code,value,description
01,乗用車,当事者種別が「乗用車」のものをいう。
11,貨物車,当事者種別が「貨物車」のものをいう。
00,対象外当事者,当事者種別が上記以外のものをいう。ただし、当事者種別が「歩行者以外の道路上の人」、「道路外の人」及び乗車別が「同乗者」、「対象外当事者」を除く。
,-,当事者種別が「歩行者以外の道路上の人」、「道路外の人」又は乗車別が「同乗者」、「対象外当事者」の場合は空白とする（補充票のみ。）。
