﻿code,value,description
01,標準－反射式,標準の標識で反射シールが貼付されているものをいう。
02,標準－自発光式,標準の標識で標識外部の夜間照明装置が施されているものをいう。
03,標準－内部照明式,標準の標識で標識内部の夜間照明装置が施されているものをいう。
04,拡大－反射式,拡大の標識で反射シールが貼付されているものをいう。
05,拡大－自発光式,拡大の標識で標識外部の夜間照明装置が施されているものをいう。
06,拡大－内部照明式,拡大の標識で標識内部の夜間照明装置が施されているものをいう。
07,縮小,本板の寸法が標識令別表第二備考一の（二）の９の規定等により縮小（縮小率２／３倍）された寸法のものをいう。
08,その他,前記標識のいずれにも該当しない標識をいう。
09,規制なし,当該車両等の交差点進入箇所に一時停止規制が行われていないものをいう。
00,対象外当事者,当事者が車両等以外、発生場所が交差点内以外及び当事者が不明の場合をいう。
