﻿項目名,昼夜,,,,,,,,,
適用,本票,,,,,,,,,
説明,交通事故が発生した時点の昼夜をいう。,,,,,,,,,
,日の出又は日の入りの時刻は国立天文台の資料により、各都道府県の県庁所在地（北海道は各方面本部所在地）を基準とする。,,,,,,,,,
,,,,,,,,,,
,,,,,,,,,,
コード,区分,備考,,,,,,,,
11,昼－明,日の出時間の後１時間をいう。,,,,,,,,
12,昼－昼,「昼－明」「昼－暮」以外の昼間をいう。,,,,,,,,
13,昼－暮,日の入り時間の前１時間をいう。,,,,,,,,
21,夜－暮,日の入り時間の後１時間をいう。,,,,,,,,
22,夜－夜,「夜－明」「夜－暮」以外の夜間をいう。,,,,,,,,
23,夜－明,日の出時間の前１時間をいう。,,,,,,,,
