﻿項目名,天候,,,,,,,,,
適用,本票,,,,,,,,,
説明,交通事故が発生した時点の天候をいう。,,,,,,,,,
,,,,,,,,,,
コード,区分,備考,,,,,,,,
1,晴,雲量がおおむね80％以下の状態で、他の天候に該当しないものをいう。,,,,,,,,
2,曇,雲量がおおむね80％以上の状態で、他の天候に該当しないものをいう。,,,,,,,,
3,雨,雨が降っている状態をいう。,,,,,,,,
4,霧,細かな水滴又は煙等が地面近くを覆い、その視界がおおむね200メートル以内になっている状態をいう。,,,,,,,,
,,,,,,,,,,
5,雪,雪、みぞれ、ひょうが降っている状態をいう。,,,,,,,,
