﻿項目名,サイドエアバッグの装備,,,,,,,,
適用,本票、補充票,,,,,,,,
説明,交通事故の当事者種別が「乗用車」「貨物車」の場合、当該当事者の乗車部位に装備されているサイドエアバッグの状況をいう。,,,,,,,,
,,,,,,,,,
,,,,,,,,,
コード,区分,備考,,,,,,,
1,装備あり 作動,乗車部位にサイドエアバッグの装備があり、衝突時の衝撃によりサイドエアバッグが作動したものをいう。,,,,,,,
,,,,,,,,,
2,その他,乗車部位にサイドエアバッグの装備はあるが、正面衝突や衝撃が小さいため又は故障等していたため、サイドエアバッグが作動しなかったもの及び乗車部位にサイドエアバッグの装備がないもの並びに乗車部位にサイドエアバッグの装備の有無が不明のものをいう。,,,,,,,
,,,,,,,,,
,,,,,,,,,
0,対象外当事者,当事者種別が「乗用車」「貨物車」以外のものをいう。,,,,,,,
