﻿項目名,人身損傷程度,,,,,,,,
適用,本票、補充票,,,,,,,,
説明,当事者の人身損傷の程度をいう。,,,,,,,,
,,,,,,,,,
コード,区分,備考,,,,,,,
1,死亡,事故発生後24時間以内の死亡をいう。,,,,,,,
2,負傷,治療を要する傷害をいう。,,,,,,,
4,損傷なし,人身に損傷がないことをいう。,,,,,,,
0,対象外当事者,単独事故の相手方及び当事者が不明のものをいう。,,,,,,,
,,,,,,,,,
,,,,,,,,,
,,,,,,,,,
