﻿項目名,事故類型,,,,,,,,
適用,高速票,,,,,,,,
説明,交通事故の事故の類型をいう。,,,,,,,,
,,,,,,,,,
コード,区分,備考,,,,,,,
01,人対車両,交通事故関与者（当事者Ａ、当事者Ｂ）の一方が歩行者となった交通事故の類型をいう。,,,,,,,
,,,,,,,,,
04,車両相互,交通事故関与者（当事者Ａ、当事者Ｂ）がいずれも車両等である交通事故の類型をいう。,,,,,,,
,,,,,,,,,
28,車両単独,物件、駐車車両（運転者不在）、相手なしである交通事故の類型ををいう。,,,,,,,
